[{"model": "admin.logentry", "pk": 1, "fields": {"action_time": "2025-01-12T16:46:17.498Z", "user": 2, "content_type": 3, "object_id": "1", "object_repr": "GYM", "action_flag": 1, "change_message": "[{\"added\": {}}]"}}, {"model": "admin.logentry", "pk": 2, "fields": {"action_time": "2025-01-12T16:46:32.573Z", "user": 2, "content_type": 3, "object_id": "2", "object_repr": "YOGA", "action_flag": 1, "change_message": "[{\"added\": {}}]"}}, {"model": "admin.logentry", "pk": 3, "fields": {"action_time": "2025-01-12T16:47:01.240Z", "user": 2, "content_type": 3, "object_id": "3", "object_repr": "FITNESS(CARDIO)", "action_flag": 1, "change_message": "[{\"added\": {}}]"}}, {"model": "admin.logentry", "pk": 4, "fields": {"action_time": "2025-01-12T16:56:41.461Z", "user": 2, "content_type": 6, "object_id": "3", "object_repr": "newuser", "action_flag": 1, "change_message": "[{\"added\": {}}]"}}, {"model": "admin.logentry", "pk": 5, "fields": {"action_time": "2025-01-17T16:24:27.715Z", "user": 2, "content_type": 6, "object_id": "3", "object_repr": "newuser", "action_flag": 2, "change_message": "[]"}}, {"model": "admin.logentry", "pk": 6, "fields": {"action_time": "2025-01-18T13:08:38.348Z", "user": 2, "content_type": 6, "object_id": "17", "object_repr": "naman12", "action_flag": 2, "change_message": "[]"}}, {"model": "admin.logentry", "pk": 7, "fields": {"action_time": "2025-01-18T17:50:09.899Z", "user": 2, "content_type": 3, "object_id": "4", "object_repr": "SPORTS(FOOTBALL/SWIMMING)", "action_flag": 1, "change_message": "[{\"added\": {}}]"}}, {"model": "admin.logentry", "pk": 8, "fields": {"action_time": "2025-01-19T14:15:45.737Z", "user": 2, "content_type": 6, "object_id": "20", "object_repr": "RITESHPANDA", "action_flag": 2, "change_message": "[{\"changed\": {\"fields\": [\"Dashboard preferences\"]}}]"}}, {"model": "admin.logentry", "pk": 9, "fields": {"action_time": "2025-01-20T10:14:36.989Z", "user": 2, "content_type": 3, "object_id": "5", "object_repr": "RUNNING CLUB", "action_flag": 1, "change_message": "[{\"added\": {}}]"}}, {"model": "auth.permission", "pk": 1, "fields": {"name": "Can add log entry", "content_type": 1, "codename": "add_logentry"}}, {"model": "auth.permission", "pk": 2, "fields": {"name": "Can change log entry", "content_type": 1, "codename": "change_logentry"}}, {"model": "auth.permission", "pk": 3, "fields": {"name": "Can delete log entry", "content_type": 1, "codename": "delete_logentry"}}, {"model": "auth.permission", "pk": 4, "fields": {"name": "Can view log entry", "content_type": 1, "codename": "view_logentry"}}, {"model": "auth.permission", "pk": 5, "fields": {"name": "Can add permission", "content_type": 2, "codename": "add_permission"}}, {"model": "auth.permission", "pk": 6, "fields": {"name": "Can change permission", "content_type": 2, "codename": "change_permission"}}, {"model": "auth.permission", "pk": 7, "fields": {"name": "Can delete permission", "content_type": 2, "codename": "delete_permission"}}, {"model": "auth.permission", "pk": 8, "fields": {"name": "Can view permission", "content_type": 2, "codename": "view_permission"}}, {"model": "auth.permission", "pk": 9, "fields": {"name": "Can add group", "content_type": 3, "codename": "add_group"}}, {"model": "auth.permission", "pk": 10, "fields": {"name": "Can change group", "content_type": 3, "codename": "change_group"}}, {"model": "auth.permission", "pk": 11, "fields": {"name": "Can delete group", "content_type": 3, "codename": "delete_group"}}, {"model": "auth.permission", "pk": 12, "fields": {"name": "Can view group", "content_type": 3, "codename": "view_group"}}, {"model": "auth.permission", "pk": 13, "fields": {"name": "Can add content type", "content_type": 4, "codename": "add_contenttype"}}, {"model": "auth.permission", "pk": 14, "fields": {"name": "Can change content type", "content_type": 4, "codename": "change_contenttype"}}, {"model": "auth.permission", "pk": 15, "fields": {"name": "Can delete content type", "content_type": 4, "codename": "delete_contenttype"}}, {"model": "auth.permission", "pk": 16, "fields": {"name": "Can view content type", "content_type": 4, "codename": "view_contenttype"}}, {"model": "auth.permission", "pk": 17, "fields": {"name": "Can add session", "content_type": 5, "codename": "add_session"}}, {"model": "auth.permission", "pk": 18, "fields": {"name": "Can change session", "content_type": 5, "codename": "change_session"}}, {"model": "auth.permission", "pk": 19, "fields": {"name": "Can delete session", "content_type": 5, "codename": "delete_session"}}, {"model": "auth.permission", "pk": 20, "fields": {"name": "Can view session", "content_type": 5, "codename": "view_session"}}, {"model": "auth.permission", "pk": 21, "fields": {"name": "Can add user", "content_type": 6, "codename": "add_customuser"}}, {"model": "auth.permission", "pk": 22, "fields": {"name": "Can change user", "content_type": 6, "codename": "change_customuser"}}, {"model": "auth.permission", "pk": 23, "fields": {"name": "Can delete user", "content_type": 6, "codename": "delete_customuser"}}, {"model": "auth.permission", "pk": 24, "fields": {"name": "Can view user", "content_type": 6, "codename": "view_customuser"}}, {"model": "auth.permission", "pk": 25, "fields": {"name": "Can add blacklisted token", "content_type": 7, "codename": "add_blacklistedtoken"}}, {"model": "auth.permission", "pk": 26, "fields": {"name": "Can change blacklisted token", "content_type": 7, "codename": "change_blacklistedtoken"}}, {"model": "auth.permission", "pk": 27, "fields": {"name": "Can delete blacklisted token", "content_type": 7, "codename": "delete_blacklistedtoken"}}, {"model": "auth.permission", "pk": 28, "fields": {"name": "Can view blacklisted token", "content_type": 7, "codename": "view_blacklistedtoken"}}, {"model": "auth.permission", "pk": 29, "fields": {"name": "Can add outstanding token", "content_type": 8, "codename": "add_outstandingtoken"}}, {"model": "auth.permission", "pk": 30, "fields": {"name": "Can change outstanding token", "content_type": 8, "codename": "change_outstandingtoken"}}, {"model": "auth.permission", "pk": 31, "fields": {"name": "Can delete outstanding token", "content_type": 8, "codename": "delete_outstandingtoken"}}, {"model": "auth.permission", "pk": 32, "fields": {"name": "Can view outstanding token", "content_type": 8, "codename": "view_outstandingtoken"}}, {"model": "auth.permission", "pk": 33, "fields": {"name": "Can add Token", "content_type": 9, "codename": "add_token"}}, {"model": "auth.permission", "pk": 34, "fields": {"name": "Can change Token", "content_type": 9, "codename": "change_token"}}, {"model": "auth.permission", "pk": 35, "fields": {"name": "Can delete Token", "content_type": 9, "codename": "delete_token"}}, {"model": "auth.permission", "pk": 36, "fields": {"name": "Can view Token", "content_type": 9, "codename": "view_token"}}, {"model": "auth.permission", "pk": 37, "fields": {"name": "Can add Token", "content_type": 10, "codename": "add_tokenproxy"}}, {"model": "auth.permission", "pk": 38, "fields": {"name": "Can change Token", "content_type": 10, "codename": "change_tokenproxy"}}, {"model": "auth.permission", "pk": 39, "fields": {"name": "Can delete Token", "content_type": 10, "codename": "delete_tokenproxy"}}, {"model": "auth.permission", "pk": 40, "fields": {"name": "Can view Token", "content_type": 10, "codename": "view_tokenproxy"}}, {"model": "auth.permission", "pk": 41, "fields": {"name": "Can add fitness group", "content_type": 11, "codename": "add_fitnessgroup"}}, {"model": "auth.permission", "pk": 42, "fields": {"name": "Can change fitness group", "content_type": 11, "codename": "change_fitnessgroup"}}, {"model": "auth.permission", "pk": 43, "fields": {"name": "Can delete fitness group", "content_type": 11, "codename": "delete_fitnessgroup"}}, {"model": "auth.permission", "pk": 44, "fields": {"name": "Can view fitness group", "content_type": 11, "codename": "view_fitnessgroup"}}, {"model": "auth.permission", "pk": 45, "fields": {"name": "Can add workout buddy profile", "content_type": 12, "codename": "add_workoutbuddyprofile"}}, {"model": "auth.permission", "pk": 46, "fields": {"name": "Can change workout buddy profile", "content_type": 12, "codename": "change_workoutbuddyprofile"}}, {"model": "auth.permission", "pk": 47, "fields": {"name": "Can delete workout buddy profile", "content_type": 12, "codename": "delete_workoutbuddyprofile"}}, {"model": "auth.permission", "pk": 48, "fields": {"name": "Can view workout buddy profile", "content_type": 12, "codename": "view_workoutbuddyprofile"}}, {"model": "auth.permission", "pk": 49, "fields": {"name": "Can add activity", "content_type": 13, "codename": "add_activity"}}, {"model": "auth.permission", "pk": 50, "fields": {"name": "Can change activity", "content_type": 13, "codename": "change_activity"}}, {"model": "auth.permission", "pk": 51, "fields": {"name": "Can delete activity", "content_type": 13, "codename": "delete_activity"}}, {"model": "auth.permission", "pk": 52, "fields": {"name": "Can view activity", "content_type": 13, "codename": "view_activity"}}, {"model": "auth.permission", "pk": 53, "fields": {"name": "Can add group chat", "content_type": 14, "codename": "add_groupchat"}}, {"model": "auth.permission", "pk": 54, "fields": {"name": "Can change group chat", "content_type": 14, "codename": "change_groupchat"}}, {"model": "auth.permission", "pk": 55, "fields": {"name": "Can delete group chat", "content_type": 14, "codename": "delete_groupchat"}}, {"model": "auth.permission", "pk": 56, "fields": {"name": "Can view group chat", "content_type": 14, "codename": "view_groupchat"}}, {"model": "auth.permission", "pk": 57, "fields": {"name": "Can add group membership", "content_type": 15, "codename": "add_groupmembership"}}, {"model": "auth.permission", "pk": 58, "fields": {"name": "Can change group membership", "content_type": 15, "codename": "change_groupmembership"}}, {"model": "auth.permission", "pk": 59, "fields": {"name": "Can delete group membership", "content_type": 15, "codename": "delete_groupmembership"}}, {"model": "auth.permission", "pk": 60, "fields": {"name": "Can view group membership", "content_type": 15, "codename": "view_groupmembership"}}, {"model": "auth.permission", "pk": 61, "fields": {"name": "Can add notification", "content_type": 16, "codename": "add_notification"}}, {"model": "auth.permission", "pk": 62, "fields": {"name": "Can change notification", "content_type": 16, "codename": "change_notification"}}, {"model": "auth.permission", "pk": 63, "fields": {"name": "Can delete notification", "content_type": 16, "codename": "delete_notification"}}, {"model": "auth.permission", "pk": 64, "fields": {"name": "Can view notification", "content_type": 16, "codename": "view_notification"}}, {"model": "auth.group", "pk": 1, "fields": {"name": "GYM", "permissions": []}}, {"model": "auth.group", "pk": 2, "fields": {"name": "YOGA", "permissions": []}}, {"model": "auth.group", "pk": 3, "fields": {"name": "FITNESS(CARDIO)", "permissions": []}}, {"model": "auth.group", "pk": 4, "fields": {"name": "SPORTS(FOOTBALL/SWIMMING)", "permissions": []}}, {"model": "auth.group", "pk": 5, "fields": {"name": "RUNNING CLUB", "permissions": []}}, {"model": "contenttypes.contenttype", "pk": 1, "fields": {"app_label": "admin", "model": "logentry"}}, {"model": "contenttypes.contenttype", "pk": 2, "fields": {"app_label": "auth", "model": "permission"}}, {"model": "contenttypes.contenttype", "pk": 3, "fields": {"app_label": "auth", "model": "group"}}, {"model": "contenttypes.contenttype", "pk": 4, "fields": {"app_label": "contenttypes", "model": "contenttype"}}, {"model": "contenttypes.contenttype", "pk": 5, "fields": {"app_label": "sessions", "model": "session"}}, {"model": "contenttypes.contenttype", "pk": 6, "fields": {"app_label": "users", "model": "customuser"}}, {"model": "contenttypes.contenttype", "pk": 7, "fields": {"app_label": "token_blacklist", "model": "blacklistedtoken"}}, {"model": "contenttypes.contenttype", "pk": 8, "fields": {"app_label": "token_blacklist", "model": "outstandingtoken"}}, {"model": "contenttypes.contenttype", "pk": 9, "fields": {"app_label": "authtoken", "model": "token"}}, {"model": "contenttypes.contenttype", "pk": 10, "fields": {"app_label": "authtoken", "model": "tokenproxy"}}, {"model": "contenttypes.contenttype", "pk": 11, "fields": {"app_label": "users", "model": "fitnessgroup"}}, {"model": "contenttypes.contenttype", "pk": 12, "fields": {"app_label": "users", "model": "workoutbuddyprofile"}}, {"model": "contenttypes.contenttype", "pk": 13, "fields": {"app_label": "users", "model": "activity"}}, {"model": "contenttypes.contenttype", "pk": 14, "fields": {"app_label": "users", "model": "groupchat"}}, {"model": "contenttypes.contenttype", "pk": 15, "fields": {"app_label": "users", "model": "groupmembership"}}, {"model": "contenttypes.contenttype", "pk": 16, "fields": {"app_label": "users", "model": "notification"}}, {"model": "sessions.session", "pk": "8rm12azsmri41qpasuxzzsp17k2abyib", "fields": {"session_data": ".eJxVjMEOwiAQRP-FsyGAlC0evfsNZNndStXQpLQn47_bJj3ocea9mbdKuC4lrU3mNLK6KKdOv11GekrdAT-w3idNU13mMetd0Qdt-jaxvK6H-3dQsJVtLd7mHDEE5m4wEEnQewTsAtNZtmiAfcymRztQZAhAbNk425MDcUZ9vgtLOJI:1tZ8XW:Pnxs6YV8p5nmuIyN4x1ohrwIUv8o-BEBeK5-EIcwskI", "expire_date": "2025-02-01T13:07:02.908Z"}}, {"model": "sessions.session", "pk": "a2kt5tazz9wwlzzt2vfl0w2ny7wj9u06", "fields": {"session_data": ".eJxVjMEOwiAQRP-FsyGAlC0evfsNZNndStXQpLQn47_bJj3ocea9mbdKuC4lrU3mNLK6KKdOv11GekrdAT-w3idNU13mMetd0Qdt-jaxvK6H-3dQsJVtLd7mHDEE5m4wEEnQewTsAtNZtmiAfcymRztQZAhAbNk425MDcUZ9vgtLOJI:1tX14j:bXx--uTSBFBt6XIUYCYJSJmY5kUlYa-SMAYUmszoaKM", "expire_date": "2025-01-26T16:44:33.437Z"}}, {"model": "users.customuser", "pk": 1, "fields": {"password": "pbkdf2_sha256$870000$bJfB2jCmIZ7RaD5HJzWwkq$DigwiLDXhVORUB/F7ZKB1rPHUm1GI+5h0/gbaRJ1MGw=", "last_login": null, "is_superuser": false, "username": "testuser", "first_name": "", "last_name": "", "email": "testuser@example.com", "is_staff": false, "is_active": true, "date_joined": "2025-01-11T20:43:33.442Z", "profile_picture": "", "role": null, "dashboard_preferences": null, "location": null, "groups": [], "user_permissions": []}}, {"model": "users.customuser", "pk": 2, "fields": {"password": "pbkdf2_sha256$870000$VxxpQ21tb0mneHUoEZ4knQ$hWRPnW646WGgbU3dmfdRP3IUoF9nceI+dkImp/xgHmY=", "last_login": "2025-01-18T13:07:02.759Z", "is_superuser": true, "username": "Soham", "first_name": "", "last_name": "", "email": "bodkearyan877@gmail.com", "is_staff": true, "is_active": true, "date_joined": "2025-01-12T16:43:54.004Z", "profile_picture": "default.jpg", "role": null, "dashboard_preferences": null, "location": null, "groups": [], "user_permissions": []}}, {"model": "users.customuser", "pk": 3, "fields": {"password": "Tanjiro123", "last_login": null, "is_superuser": false, "username": "newuser", "first_name": "ARYAN", "last_name": "BODKE", "email": "bodkearyan877@gmail.com", "is_staff": true, "is_active": true, "date_joined": "2025-01-12T16:54:54Z", "profile_picture": "profile_pictures/1225703.jpg", "role": null, "dashboard_preferences": null, "location": null, "groups": [3], "user_permissions": [2]}}, {"model": "users.customuser", "pk": 4, "fields": {"password": "kamado123", "last_login": null, "is_superuser": false, "username": "tanjiro", "first_name": "", "last_name": "", "email": "", "is_staff": false, "is_active": true, "date_joined": "2025-01-13T22:10:11.032Z", "profile_picture": "", "role": null, "dashboard_preferences": null, "location": null, "groups": [], "user_permissions": []}}, {"model": "users.customuser", "pk": 5, "fields": {"password": "tengen1234", "last_login": null, "is_superuser": false, "username": "uzui", "first_name": "", "last_name": "", "email": "", "is_staff": false, "is_active": true, "date_joined": "2025-01-17T19:08:05.728Z", "profile_picture": "profile_pics/rangoku.png", "role": null, "dashboard_preferences": null, "location": null, "groups": [], "user_permissions": []}}, {"model": "users.customuser", "pk": 6, "fields": {"password": "kamado122", "last_login": null, "is_superuser": false, "username": "tanjir", "first_name": "", "last_name": "", "email": "", "is_staff": false, "is_active": true, "date_joined": "2025-01-17T19:15:58.616Z", "profile_picture": "", "role": null, "dashboard_preferences": null, "location": null, "groups": [], "user_permissions": []}}, {"model": "users.customuser", "pk": 7, "fields": {"password": "bodkearyan1234", "last_login": null, "is_superuser": false, "username": "ary", "first_name": "", "last_name": "", "email": "", "is_staff": false, "is_active": true, "date_joined": "2025-01-17T20:17:41.368Z", "profile_picture": "profile_pics/zenitsu.jpeg", "role": null, "dashboard_preferences": null, "location": null, "groups": [], "user_permissions": []}}, {"model": "users.customuser", "pk": 8, "fields": {"password": "doma12345", "last_login": null, "is_superuser": false, "username": "muzan", "first_name": "", "last_name": "", "email": "", "is_staff": false, "is_active": true, "date_joined": "2025-01-17T20:23:50.503Z", "profile_picture": "profile_pics/tanjiro.png", "role": null, "dashboard_preferences": null, "location": null, "groups": [], "user_permissions": []}}, {"model": "users.customuser", "pk": 9, "fields": {"password": "singh1234", "last_login": null, "is_superuser": false, "username": "aryans", "first_name": "", "last_name": "", "email": "", "is_staff": false, "is_active": true, "date_joined": "2025-01-17T20:27:36.505Z", "profile_picture": "profile_pics/obanai.png", "role": null, "dashboard_preferences": null, "location": null, "groups": [], "user_permissions": []}}, {"model": "users.customuser", "pk": 10, "fields": {"password": "chota123", "last_login": null, "is_superuser": false, "username": "bheem", "first_name": "", "last_name": "", "email": "", "is_staff": false, "is_active": true, "date_joined": "2025-01-17T20:36:28.251Z", "profile_picture": "", "role": null, "dashboard_preferences": null, "location": null, "groups": [], "user_permissions": []}}, {"model": "users.customuser", "pk": 11, "fields": {"password": "DEORE1234", "last_login": null, "is_superuser": false, "username": "OM", "first_name": "", "last_name": "", "email": "", "is_staff": false, "is_active": true, "date_joined": "2025-01-17T20:41:37.026Z", "profile_picture": "profile_pics/rangoku_ZtvqmsJ.png", "role": null, "dashboard_preferences": null, "location": null, "groups": [], "user_permissions": []}}, {"model": "users.customuser", "pk": 12, "fields": {"password": "rengoku1234", "last_login": null, "is_superuser": false, "username": "kyojuro", "first_name": "", "last_name": "", "email": "", "is_staff": false, "is_active": true, "date_joined": "2025-01-18T07:04:40.875Z", "profile_picture": "profile_pics/rangoku_xge6Sdy.png", "role": null, "dashboard_preferences": null, "location": null, "groups": [], "user_permissions": []}}, {"model": "users.customuser", "pk": 13, "fields": {"password": "KUMAR1234", "last_login": null, "is_superuser": false, "username": "RITESH", "first_name": "", "last_name": "", "email": "", "is_staff": false, "is_active": true, "date_joined": "2025-01-18T09:03:02.052Z", "profile_picture": "", "role": null, "dashboard_preferences": null, "location": null, "groups": [], "user_permissions": []}}, {"model": "users.customuser", "pk": 14, "fields": {"password": "shankar1234", "last_login": null, "is_superuser": false, "username": "shankar", "first_name": "", "last_name": "", "email": "", "is_staff": false, "is_active": true, "date_joined": "2025-01-18T12:31:51.678Z", "profile_picture": "", "role": null, "dashboard_preferences": null, "location": null, "groups": [], "user_permissions": []}}, {"model": "users.customuser", "pk": 15, "fields": {"password": "kotecha1234", "last_login": null, "is_superuser": false, "username": "naman", "first_name": "", "last_name": "", "email": "", "is_staff": false, "is_active": true, "date_joined": "2025-01-18T12:39:34.127Z", "profile_picture": "profile_pics/background.jpeg", "role": null, "dashboard_preferences": null, "location": null, "groups": [], "user_permissions": []}}, {"model": "users.customuser", "pk": 16, "fields": {"password": "shankar1234", "last_login": null, "is_superuser": false, "username": "shanky", "first_name": "", "last_name": "", "email": "", "is_staff": false, "is_active": true, "date_joined": "2025-01-18T12:48:37.059Z", "profile_picture": "", "role": null, "dashboard_preferences": null, "location": null, "groups": [], "user_permissions": []}}, {"model": "users.customuser", "pk": 17, "fields": {"password": "kotecha1234", "last_login": null, "is_superuser": false, "username": "naman12", "first_name": "", "last_name": "", "email": "", "is_staff": false, "is_active": true, "date_joined": "2025-01-18T12:55:44Z", "profile_picture": "profile_pics/bat.jpg", "role": null, "dashboard_preferences": null, "location": null, "groups": [], "user_permissions": []}}, {"model": "users.customuser", "pk": 18, "fields": {"password": "kotecha1234", "last_login": null, "is_superuser": false, "username": "naman123", "first_name": "", "last_name": "", "email": "", "is_staff": false, "is_active": true, "date_joined": "2025-01-18T13:17:16.004Z", "profile_picture": "profile_pics/background_me2zlX6.jpeg", "role": null, "dashboard_preferences": null, "location": null, "groups": [], "user_permissions": []}}, {"model": "users.customuser", "pk": 19, "fields": {"password": "pbkdf2_sha256$870000$deZqnBcbVI4ggMya8J0Vom$X9o/G1ye7VvRgIz6APel30Ye9QKEDrKoUaPkoMI05cU=", "last_login": null, "is_superuser": false, "username": "riteshp", "first_name": "", "last_name": "", "email": "", "is_staff": false, "is_active": true, "date_joined": "2025-01-18T17:35:17.578Z", "profile_picture": "profile_pics/inosuke.jpeg", "role": null, "dashboard_preferences": null, "location": null, "groups": [], "user_permissions": []}}, {"model": "users.customuser", "pk": 20, "fields": {"password": "pbkdf2_sha256$870000$f50WXLrHwmI41bZdLrs71O$s03cz/yScgboEMaA/b5aug8MEmZJZuMebq9HgWLTMNI=", "last_login": null, "is_superuser": false, "username": "RITESHPANDA", "first_name": "", "last_name": "", "email": "", "is_staff": false, "is_active": true, "date_joined": "2025-01-18T17:42:04Z", "profile_picture": "profile_pics/inosuke_tUGVoYE.jpeg", "role": null, "dashboard_preferences": [{"username": "john_doe", "layout": "compact", "filters": {"activity_type": "Yoga", "skill_level": "Intermediate", "location": "New York"}, "last_viewed_group": 1}, {"username": "jane_doe", "layout": "default", "filters": {"activity_type": "Running", "skill_level": "Beginner", "location": "Los Angeles"}, "last_viewed_group": 2}], "location": null, "groups": [], "user_permissions": []}}, {"model": "users.customuser", "pk": 21, "fields": {"password": "pbkdf2_sha256$870000$eXkSM7eJaW7Ag05pS3GWW6$82hFS0M3KyAkNiRL6WqL7H1PbBIVjobOLGibftkeX9s=", "last_login": null, "is_superuser": false, "username": "ayushb", "first_name": "", "last_name": "", "email": "", "is_staff": false, "is_active": true, "date_joined": "2025-01-18T18:50:20.534Z", "profile_picture": "profile_pics/1225703.jpg", "role": "fitness", "dashboard_preferences": null, "location": null, "groups": [], "user_permissions": []}}, {"model": "users.customuser", "pk": 22, "fields": {"password": "pbkdf2_sha256$870000$kwpPXDo6g1vERbqQnSjmF5$XtnxtnI9zb1ONCqgiaIcI5Ua1unTJjv8sd4dwVyGGZQ=", "last_login": null, "is_superuser": false, "username": "mitsuri", "first_name": "", "last_name": "", "email": "", "is_staff": false, "is_active": true, "date_joined": "2025-01-18T21:14:01.633Z", "profile_picture": "profile_pics/obanai_hqdWGRL.png", "role": null, "dashboard_preferences": null, "location": null, "groups": [], "user_permissions": []}}, {"model": "users.customuser", "pk": 23, "fields": {"password": "pbkdf2_sha256$870000$X2qoAzwCxPeVppYvbF5kxX$qKVfRwrNLwKQrFCFLzI4eq9pCr5DFNN/fODTDIYsbu4=", "last_login": null, "is_superuser": false, "username": "sanemi", "first_name": "", "last_name": "", "email": "", "is_staff": false, "is_active": true, "date_joined": "2025-01-18T21:55:54.295Z", "profile_picture": "profile_pics/obanai_wz0OyW8.png", "role": null, "dashboard_preferences": null, "location": null, "groups": [], "user_permissions": []}}, {"model": "users.customuser", "pk": 24, "fields": {"password": "pbkdf2_sha256$870000$Jzh8A2NNqAy1jFjQE5PvNJ$r76GP9MQ3DYvlGIQ6vSJv/LA7Ehsj7e9OnNhfRrleng=", "last_login": null, "is_superuser": false, "username": "OMSOHAM", "first_name": "", "last_name": "", "email": "", "is_staff": false, "is_active": true, "date_joined": "2025-01-19T09:31:10.634Z", "profile_picture": "profile_pics/zenitsu_6JsiK2r.jpeg", "role": "fitness", "dashboard_preferences": null, "location": null, "groups": [], "user_permissions": []}}, {"model": "users.customuser", "pk": 25, "fields": {"password": "pbkdf2_sha256$870000$bM5PeFmxmjLWmSFe6krOvd$PVc6tpnbNJArBFlVhy6SjSoZJenErBEQMRYDtc/qUxc=", "last_login": null, "is_superuser": false, "username": "aryanab", "first_name": "", "last_name": "", "email": "", "is_staff": false, "is_active": true, "date_joined": "2025-01-19T09:45:22.188Z", "profile_picture": "profile_pics/inosuke_cqMoO5s.jpeg", "role": null, "dashboard_preferences": null, "location": null, "groups": [], "user_permissions": []}}, {"model": "users.customuser", "pk": 26, "fields": {"password": "pbkdf2_sha256$870000$xOXk1uFL0121QmW0yFqYQR$B8LnV5a1SjxxQ131pYH6M1ScQ32GreyGl/qGSHner8c=", "last_login": null, "is_superuser": false, "username": "snehankita", "first_name": "", "last_name": "", "email": "", "is_staff": false, "is_active": true, "date_joined": "2025-01-19T09:53:59.374Z", "profile_picture": "", "role": null, "dashboard_preferences": null, "location": null, "groups": [], "user_permissions": []}}, {"model": "users.customuser", "pk": 27, "fields": {"password": "pbkdf2_sha256$870000$JypvV36YBoexRoPs1wuQj6$zHruzzXpw+LCrXVDw3gUQpC9lzNk6/P5wXB02XwDA5o=", "last_login": null, "is_superuser": false, "username": "arpit", "first_name": "", "last_name": "", "email": "", "is_staff": false, "is_active": true, "date_joined": "2025-01-19T10:16:50.043Z", "profile_picture": "", "role": null, "dashboard_preferences": null, "location": null, "groups": [], "user_permissions": []}}, {"model": "users.customuser", "pk": 28, "fields": {"password": "pbkdf2_sha256$870000$sAjadvg8EtDWsyHq2KClds$p/eleIwkbPL7dkrtCrc+zsRZfveR4OXeMU9jAkFiHfo=", "last_login": null, "is_superuser": false, "username": "muzan12", "first_name": "", "last_name": "", "email": "", "is_staff": false, "is_active": true, "date_joined": "2025-01-19T10:39:23.311Z", "profile_picture": "profile_pics/1283465.png", "role": null, "dashboard_preferences": null, "location": null, "groups": [], "user_permissions": []}}, {"model": "users.customuser", "pk": 29, "fields": {"password": "pbkdf2_sha256$870000$2GNjTRjaDANPIEcw8hNcrO$2H2q7pjQoaExMOKMdYdO4/CZ4z54pfgZptj1kPi59ms=", "last_login": null, "is_superuser": false, "username": "YASH", "first_name": "", "last_name": "", "email": "", "is_staff": false, "is_active": true, "date_joined": "2025-01-19T10:44:01.055Z", "profile_picture": "profile_pics/zenitsu_Q61pq4B.jpeg", "role": null, "dashboard_preferences": null, "location": null, "groups": [], "user_permissions": []}}, {"model": "users.customuser", "pk": 30, "fields": {"password": "pbkdf2_sha256$870000$tzAIvPCqfnFMmSjeryZzEi$rQFqVLolC32O6+GBZsw7PeOMrLZdiJVPiDwhfjzzx74=", "last_login": null, "is_superuser": false, "username": "YASHRAJ", "first_name": "", "last_name": "", "email": "", "is_staff": false, "is_active": true, "date_joined": "2025-01-19T10:45:59.313Z", "profile_picture": "", "role": null, "dashboard_preferences": null, "location": null, "groups": [], "user_permissions": []}}, {"model": "users.customuser", "pk": 31, "fields": {"password": "pbkdf2_sha256$870000$RpYKqaNUlmCdFX80Yrbl36$g9TqjYUhgowTLZhr/rxe2L4vYQiwKblRBIdRXM/M11M=", "last_login": null, "is_superuser": false, "username": "gohan", "first_name": "", "last_name": "", "email": "", "is_staff": false, "is_active": true, "date_joined": "2025-01-19T11:33:19.576Z", "profile_picture": "", "role": null, "dashboard_preferences": null, "location": null, "groups": [], "user_permissions": []}}, {"model": "users.customuser", "pk": 32, "fields": {"password": "pbkdf2_sha256$870000$1oryNxG0SoEwXYjsn46ct8$FMQX2aF1oD91XTdc5o2c5N4EvrmYbdwybku0QReAHcg=", "last_login": null, "is_superuser": false, "username": "isagi", "first_name": "", "last_name": "", "email": "", "is_staff": false, "is_active": true, "date_joined": "2025-01-19T15:58:29.420Z", "profile_picture": "profile_pics/1378919.png", "role": null, "dashboard_preferences": null, "location": null, "groups": [], "user_permissions": []}}, {"model": "users.customuser", "pk": 33, "fields": {"password": "pbkdf2_sha256$870000$fZrsQi31YkI3AgAWaKxzKD$FwnbccYlR04ovIFU1I+LUSttoFhGJ0+h8AaAH2au1JM=", "last_login": null, "is_superuser": false, "username": "JAIDEEP", "first_name": "", "last_name": "", "email": "", "is_staff": false, "is_active": true, "date_joined": "2025-01-19T17:43:53.418Z", "profile_picture": "", "role": null, "dashboard_preferences": null, "location": null, "groups": [], "user_permissions": []}}, {"model": "users.customuser", "pk": 34, "fields": {"password": "pbkdf2_sha256$870000$qEBzgSRU1mh0UfaLepYJbL$Xo/lHHLeijdbqIVoWAhI3H/kg1GQ0j50BTF+3J2hLCI=", "last_login": null, "is_superuser": false, "username": "JAI", "first_name": "", "last_name": "", "email": "", "is_staff": false, "is_active": true, "date_joined": "2025-01-19T17:57:36.571Z", "profile_picture": "", "role": null, "dashboard_preferences": null, "location": null, "groups": [], "user_permissions": []}}, {"model": "users.customuser", "pk": 35, "fields": {"password": "pbkdf2_sha256$870000$HGnVxn6IZ2XOeXCzFGKqiP$BfrRd+R808X76h/Be8lCAsovNUax1fr5LiKzhAksnY4=", "last_login": null, "is_superuser": false, "username": "shinobu", "first_name": "", "last_name": "", "email": "", "is_staff": false, "is_active": true, "date_joined": "2025-01-19T20:59:10.797Z", "profile_picture": "", "role": null, "dashboard_preferences": null, "location": null, "groups": [], "user_permissions": []}}, {"model": "users.customuser", "pk": 36, "fields": {"password": "pbkdf2_sha256$870000$oPO12H9jK1WAm8eMRL2rKM$Byqui3SxDFbU6pNZ9Gxr+6ZFQc1aqu/NLe3fTmP5ACU=", "last_login": null, "is_superuser": false, "username": "shubh", "first_name": "", "last_name": "", "email": "", "is_staff": false, "is_active": true, "date_joined": "2025-01-20T15:22:44.695Z", "profile_picture": "", "role": null, "dashboard_preferences": null, "location": null, "groups": [], "user_permissions": []}}, {"model": "users.customuser", "pk": 37, "fields": {"password": "pbkdf2_sha256$870000$hfNAgaXapRWRDHMnY1NRmF$NLBss9qVnSwY33YT2XF4adtWTLqB/GH3adkoxfcOSfM=", "last_login": null, "is_superuser": false, "username": "aryansi", "first_name": "", "last_name": "", "email": "", "is_staff": false, "is_active": true, "date_joined": "2025-01-20T16:07:33.600Z", "profile_picture": "", "role": null, "dashboard_preferences": null, "location": null, "groups": [], "user_permissions": []}}, {"model": "users.customuser", "pk": 38, "fields": {"password": "pbkdf2_sha256$870000$awok9dw5wsXmLEFbG2cq3Z$HnbKPpXcn07bRc4U75U3VVNRQ/etI0cxK+lMzL1a7rA=", "last_login": null, "is_superuser": false, "username": "GIRISH", "first_name": "", "last_name": "", "email": "", "is_staff": false, "is_active": true, "date_joined": "2025-01-20T16:19:49.958Z", "profile_picture": "", "role": null, "dashboard_preferences": null, "location": null, "groups": [], "user_permissions": []}}, {"model": "users.customuser", "pk": 39, "fields": {"password": "pbkdf2_sha256$870000$FnT914P6qT1g1crrdHI5Xb$tS/q/SOo6PGUGKytOe0nNubsCMi6e3ehpkxOiK3mclI=", "last_login": null, "is_superuser": false, "username": "bhaskar", "first_name": "", "last_name": "", "email": "", "is_staff": false, "is_active": true, "date_joined": "2025-01-20T17:54:31.425Z", "profile_picture": "", "role": null, "dashboard_preferences": null, "location": null, "groups": [], "user_permissions": []}}, {"model": "users.customuser", "pk": 40, "fields": {"password": "pbkdf2_sha256$870000$L7s3D5V8HkjvwOck21ZWSZ$MIUT+q7Iy0YieFd7RudNMBvaubEVRAp3qc59a5eBS94=", "last_login": null, "is_superuser": false, "username": "jineshk", "first_name": "", "last_name": "", "email": "", "is_staff": false, "is_active": true, "date_joined": "2025-01-20T18:01:20.813Z", "profile_picture": "", "role": null, "dashboard_preferences": null, "location": null, "groups": [], "user_permissions": []}}, {"model": "users.customuser", "pk": 41, "fields": {"password": "pbkdf2_sha256$870000$DjxdRpLUZyDdIu61reF6Yo$HoPsT9jRJGdW6T/Xm39Np2i3jHFrfFgIaV9sv8qEeTM=", "last_login": null, "is_superuser": false, "username": "sneha123", "first_name": "", "last_name": "", "email": "", "is_staff": false, "is_active": true, "date_joined": "2025-01-20T18:08:45.735Z", "profile_picture": "", "role": null, "dashboard_preferences": null, "location": null, "groups": [], "user_permissions": []}}, {"model": "users.customuser", "pk": 42, "fields": {"password": "pbkdf2_sha256$870000$8QprPcRT5uOX256aKB9Wku$Qi4V9MXX2K/nEk2YV1rerYDKQryqvsnywfeBGK2kbqs=", "last_login": null, "is_superuser": false, "username": "messi", "first_name": "", "last_name": "", "email": "", "is_staff": false, "is_active": true, "date_joined": "2025-01-20T19:11:18.908Z", "profile_picture": "", "role": null, "dashboard_preferences": null, "location": null, "groups": [], "user_permissions": []}}, {"model": "users.customuser", "pk": 43, "fields": {"password": "pbkdf2_sha256$870000$lnu0r89sGjYkFSRZzKFKI0$IILvKoNZnlfqX8YQlppSxDn8FGNrSnv9INQuqGkI3Uw=", "last_login": null, "is_superuser": false, "username": "weihfine", "first_name": "", "last_name": "", "email": "", "is_staff": false, "is_active": true, "date_joined": "2025-01-20T19:11:49.874Z", "profile_picture": "", "role": null, "dashboard_preferences": null, "location": null, "groups": [], "user_permissions": []}}, {"model": "users.customuser", "pk": 44, "fields": {"password": "pbkdf2_sha256$870000$2XPCRQDuzYzSLaqHoxuq94$bFN1bRL3jyrrZWmiuNPQR0qViONRgYdjXVXSImDaUtQ=", "last_login": null, "is_superuser": false, "username": "DEV", "first_name": "", "last_name": "", "email": "", "is_staff": false, "is_active": true, "date_joined": "2025-01-21T08:17:04.626Z", "profile_picture": "profile_pics/1225703_ZyaR89K.jpg", "role": null, "dashboard_preferences": null, "location": null, "groups": [], "user_permissions": []}}, {"model": "users.customuser", "pk": 45, "fields": {"password": "pbkdf2_sha256$870000$HY6NuoQM1VuKq0CeX0msv7$BeMlQ8XakXoVfW/T7iyHcvKWVe9TRXj2R1uKgWpDCNM=", "last_login": null, "is_superuser": false, "username": "TRUNKS", "first_name": "", "last_name": "", "email": "", "is_staff": false, "is_active": true, "date_joined": "2025-01-21T08:58:25.818Z", "profile_picture": "", "role": null, "dashboard_preferences": null, "location": null, "groups": [], "user_permissions": []}}, {"model": "users.customuser", "pk": 46, "fields": {"password": "pbkdf2_sha256$870000$fHAf0qkC4IFOiKAQqKcjg0$7CAz+OvO2BUtUK+wYqEODrgorWd7X1Jn+vIAEMGInuU=", "last_login": null, "is_superuser": false, "username": "test", "first_name": "", "last_name": "", "email": "", "is_staff": false, "is_active": true, "date_joined": "2025-01-21T15:01:53.480Z", "profile_picture": "", "role": null, "dashboard_preferences": null, "location": null, "groups": [], "user_permissions": []}}, {"model": "users.customuser", "pk": 47, "fields": {"password": "pbkdf2_sha256$870000$7MMHHj57LEIQsp1TttILTw$TAkoE0f/cdyh8FeWCNqJaI3Sp5mubugB+vhrfKsnSzE=", "last_login": null, "is_superuser": false, "username": "VEGETA", "first_name": "", "last_name": "", "email": "", "is_staff": false, "is_active": true, "date_joined": "2025-01-21T15:14:31.657Z", "profile_picture": "", "role": null, "dashboard_preferences": null, "location": null, "groups": [], "user_permissions": []}}, {"model": "users.customuser", "pk": 48, "fields": {"password": "pbkdf2_sha256$870000$UVyYiPXQLQ8DnzKVb7fdd2$Y1fD+6klRr9g8ulx4xURGrpQP2+K/YXt+0MuIkIboK0=", "last_login": null, "is_superuser": false, "username": "VED", "first_name": "", "last_name": "", "email": "", "is_staff": false, "is_active": true, "date_joined": "2025-01-21T15:34:28.644Z", "profile_picture": "", "role": null, "dashboard_preferences": null, "location": null, "groups": [], "user_permissions": []}}, {"model": "users.customuser", "pk": 49, "fields": {"password": "pbkdf2_sha256$870000$K1BaffYJQO8SHpsxclTVSh$f8wmFGGywyAN7WfBqNIAdpf5CbxItlOCp/qZedyvsQU=", "last_login": null, "is_superuser": false, "username": "uzui99", "first_name": "", "last_name": "", "email": "", "is_staff": false, "is_active": true, "date_joined": "2025-01-21T15:49:23.990Z", "profile_picture": "", "role": null, "dashboard_preferences": null, "location": null, "groups": [], "user_permissions": []}}, {"model": "users.customuser", "pk": 50, "fields": {"password": "pbkdf2_sha256$870000$vgSsM6c2086sm2H417d1dd$fzFKuIu1XHuo1j8l3uMzqZlrKLzhtqeVv3yeGimdocg=", "last_login": null, "is_superuser": false, "username": "zomato", "first_name": "", "last_name": "", "email": "", "is_staff": false, "is_active": true, "date_joined": "2025-01-21T16:54:17.675Z", "profile_picture": "", "role": null, "dashboard_preferences": null, "location": null, "groups": [], "user_permissions": []}}, {"model": "users.customuser", "pk": 51, "fields": {"password": "pbkdf2_sha256$870000$PZ2EMFoc5Gj8Fv97ld8CL5$CN1RIJLoaC4cJawK2SNgGXNw7mAkCqZLhdDofqpngmY=", "last_login": null, "is_superuser": false, "username": "kshiitijk", "first_name": "", "last_name": "", "email": "", "is_staff": false, "is_active": true, "date_joined": "2025-01-21T17:45:21.958Z", "profile_picture": "profile_pics/1283465_v3nWHnM.png", "role": null, "dashboard_preferences": null, "location": null, "groups": [], "user_permissions": []}}, {"model": "users.customuser", "pk": 52, "fields": {"password": "pbkdf2_sha256$870000$C4wqWKeYKMhqLmg2IPVTKH$ZUuPay15Qsil1AK+5UH9LHeegh+8sOCikT9B8PBTHaY=", "last_login": null, "is_superuser": false, "username": "VEGETAgoku", "first_name": "", "last_name": "", "email": "", "is_staff": false, "is_active": true, "date_joined": "2025-01-21T17:57:17.543Z", "profile_picture": "", "role": null, "dashboard_preferences": null, "location": null, "groups": [], "user_permissions": []}}, {"model": "users.customuser", "pk": 53, "fields": {"password": "pbkdf2_sha256$870000$WMtsHQ84tY5ohWcRVqmrkU$8hZs2gbnP863WsDzdWwqTOiWtSzTacX50hiDveuOwTA=", "last_login": null, "is_superuser": false, "username": "krillin", "first_name": "", "last_name": "", "email": "", "is_staff": false, "is_active": true, "date_joined": "2025-01-21T20:13:10.787Z", "profile_picture": "", "role": null, "dashboard_preferences": null, "location": null, "groups": [], "user_permissions": []}}, {"model": "users.customuser", "pk": 54, "fields": {"password": "pbkdf2_sha256$870000$VsmpyBFjwrhKcWrffPGFNc$whIkzFbPAMesVPNsakeh/KFERSe88rh1xbf5nvxdLGU=", "last_login": null, "is_superuser": false, "username": "panda", "first_name": "", "last_name": "", "email": "", "is_staff": false, "is_active": true, "date_joined": "2025-01-22T13:17:02.102Z", "profile_picture": "", "role": null, "dashboard_preferences": null, "location": null, "groups": [], "user_permissions": []}}, {"model": "users.activity", "pk": 1, "fields": {"user": 48, "name": "Cycling", "description": null, "duration_minutes": 45, "date": "2025-01-21"}}, {"model": "users.activity", "pk": 2, "fields": {"user": 53, "name": "cardio", "description": null, "duration_minutes": 50, "date": "2025-01-21"}}, {"model": "users.workoutbuddyprofile", "pk": 1, "fields": {"user": 39, "fitness_goals": "muscle", "workout_preferences": "running", "availability": "sat"}}, {"model": "users.fitnessgroup", "pk": 1, "fields": {"created_by": 40, "name": "jinesh", "activity_type": "cardio", "location": "iit", "schedule": "Monday 6-8am", "description": null}}, {"model": "token_blacklist.outstandingtoken", "pk": 1, "fields": {"user": 2, "jti": "e29316c4aceb46b2a34da89134c2e40e", "token": "eyJhbGciOiJIUzI1NiIsInR5cCI6IkpXVCJ9.eyJ0b2tlbl90eXBlIjoicmVmcmVzaCIsImV4cCI6MTczNjg5MzcwMCwiaWF0IjoxNzM2ODA3MzAwLCJqdGkiOiJlMjkzMTZjNGFjZWI0NmIyYTM0ZGE4OTEzNGMyZTQwZSIsInVzZXJfaWQiOjJ9.sSg6PXZRLSRVv-bcJBoJVyqxtyXOv-5Yi4TjUZKNbJ4", "created_at": "2025-01-13T22:28:20.449Z", "expires_at": "2025-01-14T22:28:20Z"}}, {"model": "token_blacklist.outstandingtoken", "pk": 2, "fields": {"user": 2, "jti": "82581986cc6d428799b8e9d003748236", "token": "eyJhbGciOiJIUzI1NiIsInR5cCI6IkpXVCJ9.eyJ0b2tlbl90eXBlIjoicmVmcmVzaCIsImV4cCI6MTczNjg5NDEwOCwiaWF0IjoxNzM2ODA3NzA4LCJqdGkiOiI4MjU4MTk4NmNjNmQ0Mjg3OTliOGU5ZDAwMzc0ODIzNiIsInVzZXJfaWQiOjJ9.rlOxUovzr2a7bGc1QIdOwlTYo0Y2hi22C93aIIUHhjc", "created_at": "2025-01-13T22:35:08.339Z", "expires_at": "2025-01-14T22:35:08Z"}}, {"model": "token_blacklist.outstandingtoken", "pk": 3, "fields": {"user": 2, "jti": "0b2a1801fef04dc8b4826e50507d181a", "token": "eyJhbGciOiJIUzI1NiIsInR5cCI6IkpXVCJ9.eyJ0b2tlbl90eXBlIjoicmVmcmVzaCIsImV4cCI6MTczNzI4MTM2OSwiaWF0IjoxNzM3MTk0OTY5LCJqdGkiOiIwYjJhMTgwMWZlZjA0ZGM4YjQ4MjZlNTA1MDdkMTgxYSIsInVzZXJfaWQiOjJ9.GBYc--Ujhfs1L10XeS4Bl73wfYmEFJZ66nvqyjom6wU", "created_at": "2025-01-18T10:09:29.619Z", "expires_at": "2025-01-19T10:09:29Z"}}, {"model": "token_blacklist.outstandingtoken", "pk": 4, "fields": {"user": 2, "jti": "5c3a6b0ec716478b89fc521479418a18", "token": "eyJhbGciOiJIUzI1NiIsInR5cCI6IkpXVCJ9.eyJ0b2tlbl90eXBlIjoicmVmcmVzaCIsImV4cCI6MTczNzI5MTgzNywiaWF0IjoxNzM3MjA1NDM3LCJqdGkiOiI1YzNhNmIwZWM3MTY0NzhiODlmYzUyMTQ3OTQxOGExOCIsInVzZXJfaWQiOjJ9.g5ZOvTCPx5pcbLbm05HMkrGvyugngcGppiQrzMXRwzE", "created_at": "2025-01-18T13:03:57.977Z", "expires_at": "2025-01-19T13:03:57Z"}}, {"model": "token_blacklist.outstandingtoken", "pk": 5, "fields": {"user": 2, "jti": "9cdac9140233450489ccf5e56e2ac6e7", "token": "eyJhbGciOiJIUzI1NiIsInR5cCI6IkpXVCJ9.eyJ0b2tlbl90eXBlIjoicmVmcmVzaCIsImV4cCI6MTczNzI5MjM2NiwiaWF0IjoxNzM3MjA1OTY2LCJqdGkiOiI5Y2RhYzkxNDAyMzM0NTA0ODljY2Y1ZTU2ZTJhYzZlNyIsInVzZXJfaWQiOjJ9.XbSbjmZCJb7eckjWYlJni_xQqgi58jc6lNwkHZQIoNg", "created_at": "2025-01-18T13:12:46.060Z", "expires_at": "2025-01-19T13:12:46Z"}}, {"model": "token_blacklist.outstandingtoken", "pk": 6, "fields": {"user": 2, "jti": "0d3876037fff429aab7629a1f97c0460", "token": "eyJhbGciOiJIUzI1NiIsInR5cCI6IkpXVCJ9.eyJ0b2tlbl90eXBlIjoicmVmcmVzaCIsImV4cCI6MTczNzI5MjM2OCwiaWF0IjoxNzM3MjA1OTY4LCJqdGkiOiIwZDM4NzYwMzdmZmY0MjlhYWI3NjI5YTFmOTdjMDQ2MCIsInVzZXJfaWQiOjJ9.nUDJd-n_Vx_0ItDEkIEi9TgYQLRDxd6hPl75Nplzg_M", "created_at": "2025-01-18T13:12:48.379Z", "expires_at": "2025-01-19T13:12:48Z"}}, {"model": "token_blacklist.outstandingtoken", "pk": 7, "fields": {"user": 2, "jti": "62674e98054c4efab26d6359e069eec3", "token": "eyJhbGciOiJIUzI1NiIsInR5cCI6IkpXVCJ9.eyJ0b2tlbl90eXBlIjoicmVmcmVzaCIsImV4cCI6MTczNzI5MjM3MCwiaWF0IjoxNzM3MjA1OTcwLCJqdGkiOiI2MjY3NGU5ODA1NGM0ZWZhYjI2ZDYzNTllMDY5ZWVjMyIsInVzZXJfaWQiOjJ9.rZLtCRRXALtMQD3YYlGpFhVlgCBQbFuBP0HkdZd2RFc", "created_at": "2025-01-18T13:12:50.209Z", "expires_at": "2025-01-19T13:12:50Z"}}, {"model": "token_blacklist.outstandingtoken", "pk": 8, "fields": {"user": 19, "jti": "0f90f1210f354b498739cfaed3c38c8c", "token": "eyJhbGciOiJIUzI1NiIsInR5cCI6IkpXVCJ9.eyJ0b2tlbl90eXBlIjoicmVmcmVzaCIsImV4cCI6MTczNzMwODEzNCwiaWF0IjoxNzM3MjIxNzM0LCJqdGkiOiIwZjkwZjEyMTBmMzU0YjQ5ODczOWNmYWVkM2MzOGM4YyIsInVzZXJfaWQiOjE5fQ.yVgmV2Mqparbfuy56zlePgn5fd5c-otcjH0BuqLROfI", "created_at": "2025-01-18T17:35:34.502Z", "expires_at": "2025-01-19T17:35:34Z"}}, {"model": "token_blacklist.outstandingtoken", "pk": 9, "fields": {"user": 21, "jti": "1c83cfea7f1542df82a1baa1bca487fe", "token": "eyJhbGciOiJIUzI1NiIsInR5cCI6IkpXVCJ9.eyJ0b2tlbl90eXBlIjoicmVmcmVzaCIsImV4cCI6MTczNzMxMjY3MywiaWF0IjoxNzM3MjI2MjczLCJqdGkiOiIxYzgzY2ZlYTdmMTU0MmRmODJhMWJhYTFiY2E0ODdmZSIsInVzZXJfaWQiOjIxfQ._ulRSCMmSNrGO43A7AdwbuCi0U0brr5vKgmWzVx5MkY", "created_at": "2025-01-18T18:51:13.588Z", "expires_at": "2025-01-19T18:51:13Z"}}, {"model": "token_blacklist.outstandingtoken", "pk": 10, "fields": {"user": 21, "jti": "feaa81a7c0474da7923adbfd6b861d3f", "token": "eyJhbGciOiJIUzI1NiIsInR5cCI6IkpXVCJ9.eyJ0b2tlbl90eXBlIjoicmVmcmVzaCIsImV4cCI6MTczNzMxMjkxNCwiaWF0IjoxNzM3MjI2NTE0LCJqdGkiOiJmZWFhODFhN2MwNDc0ZGE3OTIzYWRiZmQ2Yjg2MWQzZiIsInVzZXJfaWQiOjIxfQ.Gb0UGkpe8v8_29mpybg7FAzAcZh2NXFzUlYL7damyBM", "created_at": "2025-01-18T18:55:14.553Z", "expires_at": "2025-01-19T18:55:14Z"}}, {"model": "token_blacklist.outstandingtoken", "pk": 11, "fields": {"user": 22, "jti": "32d322362afa42a387877e556170f84b", "token": "eyJhbGciOiJIUzI1NiIsInR5cCI6IkpXVCJ9.eyJ0b2tlbl90eXBlIjoicmVmcmVzaCIsImV4cCI6MTczNzMyMTI2NywiaWF0IjoxNzM3MjM0ODY3LCJqdGkiOiIzMmQzMjIzNjJhZmE0MmEzODc4NzdlNTU2MTcwZjg0YiIsInVzZXJfaWQiOjIyfQ.bpd1bUtC_CUDuQ539sd4MrOm8-rQ0mRCWyneiJeRNnY", "created_at": "2025-01-18T21:14:27.387Z", "expires_at": "2025-01-19T21:14:27Z"}}, {"model": "token_blacklist.outstandingtoken", "pk": 12, "fields": {"user": 22, "jti": "095d8480e86b4adea3a0d45e14b461a3", "token": "eyJhbGciOiJIUzI1NiIsInR5cCI6IkpXVCJ9.eyJ0b2tlbl90eXBlIjoicmVmcmVzaCIsImV4cCI6MTczNzMyMTM0MCwiaWF0IjoxNzM3MjM0OTQwLCJqdGkiOiIwOTVkODQ4MGU4NmI0YWRlYTNhMGQ0NWUxNGI0NjFhMyIsInVzZXJfaWQiOjIyfQ.ctzbzNoTaIL5Bmh0XQ7OYlafe5F6vZ5nmcvqjV40-Rg", "created_at": "2025-01-18T21:15:40.212Z", "expires_at": "2025-01-19T21:15:40Z"}}, {"model": "token_blacklist.outstandingtoken", "pk": 13, "fields": {"user": 19, "jti": "86030cc3be27438f87551d7c355185d4", "token": "eyJhbGciOiJIUzI1NiIsInR5cCI6IkpXVCJ9.eyJ0b2tlbl90eXBlIjoicmVmcmVzaCIsImV4cCI6MTczNzMyMTgzNSwiaWF0IjoxNzM3MjM1NDM1LCJqdGkiOiI4NjAzMGNjM2JlMjc0MzhmODc1NTFkN2MzNTUxODVkNCIsInVzZXJfaWQiOjE5fQ.YPFJqeXDtC5cz9C2aic5n9V6x9PZR5ngnUL178hBzg0", "created_at": "2025-01-18T21:23:55.097Z", "expires_at": "2025-01-19T21:23:55Z"}}, {"model": "token_blacklist.outstandingtoken", "pk": 14, "fields": {"user": 36, "jti": "a830e0abbd1040f1a4a21b9b2dac4786", "token": "eyJhbGciOiJIUzI1NiIsInR5cCI6IkpXVCJ9.eyJ0b2tlbl90eXBlIjoicmVmcmVzaCIsImV4cCI6MTczNzQ3MzA0MCwiaWF0IjoxNzM3Mzg2NjQwLCJqdGkiOiJhODMwZTBhYmJkMTA0MGYxYTRhMjFiOWIyZGFjNDc4NiIsInVzZXJfaWQiOjM2fQ.d-XKHdUJ_cTOFuL0s05eRz3YWjxPltZlMMl-fiJUqSI", "created_at": "2025-01-20T15:24:00.839Z", "expires_at": "2025-01-21T15:24:00Z"}}, {"model": "token_blacklist.outstandingtoken", "pk": 15, "fields": {"user": 37, "jti": "440b4eb1aec242e0936f4f0cc15b2510", "token": "eyJhbGciOiJIUzI1NiIsInR5cCI6IkpXVCJ9.eyJ0b2tlbl90eXBlIjoicmVmcmVzaCIsImV4cCI6MTczNzQ3NTY2OCwiaWF0IjoxNzM3Mzg5MjY4LCJqdGkiOiI0NDBiNGViMWFlYzI0MmUwOTM2ZjRmMGNjMTViMjUxMCIsInVzZXJfaWQiOjM3fQ.fnCIpSleX4KLB0196l7eT0miqwriS8muvbn_GdCmOLc", "created_at": "2025-01-20T16:07:48.140Z", "expires_at": "2025-01-21T16:07:48Z"}}, {"model": "token_blacklist.outstandingtoken", "pk": 16, "fields": {"user": 39, "jti": "cf67bdd767994572a2413d911ef2edda", "token": "eyJhbGciOiJIUzI1NiIsInR5cCI6IkpXVCJ9.eyJ0b2tlbl90eXBlIjoicmVmcmVzaCIsImV4cCI6MTczNzQ4MjA4MCwiaWF0IjoxNzM3Mzk1NjgwLCJqdGkiOiJjZjY3YmRkNzY3OTk0NTcyYTI0MTNkOTExZWYyZWRkYSIsInVzZXJfaWQiOjM5fQ.l0ovrczGKpiZdja4hrJRKZjHX-jmMtbrBHcdnL_FYGY", "created_at": "2025-01-20T17:54:40.720Z", "expires_at": "2025-01-21T17:54:40Z"}}, {"model": "token_blacklist.outstandingtoken", "pk": 17, "fields": {"user": 39, "jti": "6558a8cceb6c484fb2a5e38adebbeb95", "token": "eyJhbGciOiJIUzI1NiIsInR5cCI6IkpXVCJ9.eyJ0b2tlbl90eXBlIjoicmVmcmVzaCIsImV4cCI6MTczNzQ4MjA4MywiaWF0IjoxNzM3Mzk1NjgzLCJqdGkiOiI2NTU4YThjY2ViNmM0ODRmYjJhNWUzOGFkZWJiZWI5NSIsInVzZXJfaWQiOjM5fQ.5-ynVloyjatm4FXrlbjGuy9ykbmW-TNlL2fTh8YjKOc", "created_at": "2025-01-20T17:54:43.766Z", "expires_at": "2025-01-21T17:54:43Z"}}, {"model": "token_blacklist.outstandingtoken", "pk": 18, "fields": {"user": 39, "jti": "94d597c313a743a3bd44d3fb61dee09e", "token": "eyJhbGciOiJIUzI1NiIsInR5cCI6IkpXVCJ9.eyJ0b2tlbl90eXBlIjoicmVmcmVzaCIsImV4cCI6MTczNzQ4MjExMywiaWF0IjoxNzM3Mzk1NzEzLCJqdGkiOiI5NGQ1OTdjMzEzYTc0M2EzYmQ0NGQzZmI2MWRlZTA5ZSIsInVzZXJfaWQiOjM5fQ.l06DZ-VT7rZO1ET5OAHJCABxwmCM3e3aOz29MbGQEME", "created_at": "2025-01-20T17:55:13.624Z", "expires_at": "2025-01-21T17:55:13Z"}}, {"model": "token_blacklist.outstandingtoken", "pk": 19, "fields": {"user": 40, "jti": "3b4abd3fd5284b049c33c48ba692a9fd", "token": "eyJhbGciOiJIUzI1NiIsInR5cCI6IkpXVCJ9.eyJ0b2tlbl90eXBlIjoicmVmcmVzaCIsImV4cCI6MTczNzQ4MjQ5MywiaWF0IjoxNzM3Mzk2MDkzLCJqdGkiOiIzYjRhYmQzZmQ1Mjg0YjA0OWMzM2M0OGJhNjkyYTlmZCIsInVzZXJfaWQiOjQwfQ.sSshPequ1HRXEtUxtNN5FI1Zg5dDXQSjxLptGymB32M", "created_at": "2025-01-20T18:01:33.553Z", "expires_at": "2025-01-21T18:01:33Z"}}, {"model": "token_blacklist.outstandingtoken", "pk": 20, "fields": {"user": 40, "jti": "6afd7baf5bbd41f483c7964a0a75c18a", "token": "eyJhbGciOiJIUzI1NiIsInR5cCI6IkpXVCJ9.eyJ0b2tlbl90eXBlIjoicmVmcmVzaCIsImV4cCI6MTczNzQ4MjUxNCwiaWF0IjoxNzM3Mzk2MTE0LCJqdGkiOiI2YWZkN2JhZjViYmQ0MWY0ODNjNzk2NGEwYTc1YzE4YSIsInVzZXJfaWQiOjQwfQ.NQpRJgddP0yJd0FQYt4jITztcWGIhppKu5nB88J45FI", "created_at": "2025-01-20T18:01:54.412Z", "expires_at": "2025-01-21T18:01:54Z"}}, {"model": "token_blacklist.outstandingtoken", "pk": 21, "fields": {"user": 41, "jti": "83679d9545f143efb29b0c6db782dd6d", "token": "eyJhbGciOiJIUzI1NiIsInR5cCI6IkpXVCJ9.eyJ0b2tlbl90eXBlIjoicmVmcmVzaCIsImV4cCI6MTczNzQ4Mjk1NSwiaWF0IjoxNzM3Mzk2NTU1LCJqdGkiOiI4MzY3OWQ5NTQ1ZjE0M2VmYjI5YjBjNmRiNzgyZGQ2ZCIsInVzZXJfaWQiOjQxfQ.x2PsX_IYHb9hcP5pLfkGdlzrTVIRGcGSvOnKwvPz06I", "created_at": "2025-01-20T18:09:15.230Z", "expires_at": "2025-01-21T18:09:15Z"}}, {"model": "token_blacklist.outstandingtoken", "pk": 22, "fields": {"user": 46, "jti": "54f60d50fd6d4e53a09a06535e93d78d", "token": "eyJhbGciOiJIUzI1NiIsInR5cCI6IkpXVCJ9.eyJ0b2tlbl90eXBlIjoicmVmcmVzaCIsImV4cCI6MTczNzU1ODE0NywiaWF0IjoxNzM3NDcxNzQ3LCJqdGkiOiI1NGY2MGQ1MGZkNmQ0ZTUzYTA5YTA2NTM1ZTkzZDc4ZCIsInVzZXJfaWQiOjQ2fQ.wr98RqzniqR9PPDG1PXXkjR7s7p09lfvTZmzL5NuG4c", "created_at": "2025-01-21T15:02:27.038Z", "expires_at": "2025-01-22T15:02:27Z"}}, {"model": "token_blacklist.outstandingtoken", "pk": 23, "fields": {"user": 47, "jti": "33ca4d46e12d4104ba41f1f5aa793052", "token": "eyJhbGciOiJIUzI1NiIsInR5cCI6IkpXVCJ9.eyJ0b2tlbl90eXBlIjoicmVmcmVzaCIsImV4cCI6MTczNzU1ODkwMiwiaWF0IjoxNzM3NDcyNTAyLCJqdGkiOiIzM2NhNGQ0NmUxMmQ0MTA0YmE0MWYxZjVhYTc5MzA1MiIsInVzZXJfaWQiOjQ3fQ.2s1WX3e5cbPe7AyrYFPS7dcEZfilpewxFUpcmJJs-C4", "created_at": "2025-01-21T15:15:02.433Z", "expires_at": "2025-01-22T15:15:02Z"}}, {"model": "token_blacklist.outstandingtoken", "pk": 24, "fields": {"user": 47, "jti": "da2a84e6481c441d98043724690a5f09", "token": "eyJhbGciOiJIUzI1NiIsInR5cCI6IkpXVCJ9.eyJ0b2tlbl90eXBlIjoicmVmcmVzaCIsImV4cCI6MTczNzU1OTUzMiwiaWF0IjoxNzM3NDczMTMyLCJqdGkiOiJkYTJhODRlNjQ4MWM0NDFkOTgwNDM3MjQ2OTBhNWYwOSIsInVzZXJfaWQiOjQ3fQ.OYW_ixbFqrlsDbuY_2l46eM8IJIQo7np1X8sDqrvAbQ", "created_at": "2025-01-21T15:25:32.777Z", "expires_at": "2025-01-22T15:25:32Z"}}, {"model": "token_blacklist.outstandingtoken", "pk": 25, "fields": {"user": 48, "jti": "22bdf97a89a74b01b3f6366c1ed6fcd9", "token": "eyJhbGciOiJIUzI1NiIsInR5cCI6IkpXVCJ9.eyJ0b2tlbl90eXBlIjoicmVmcmVzaCIsImV4cCI6MTczNzU2MDA5NSwiaWF0IjoxNzM3NDczNjk1LCJqdGkiOiIyMmJkZjk3YTg5YTc0YjAxYjNmNjM2NmMxZWQ2ZmNkOSIsInVzZXJfaWQiOjQ4fQ.oPNlXedtZkRiZbwzll7XwCBYOcSzjo2un6DvpC8fqbA", "created_at": "2025-01-21T15:34:55.797Z", "expires_at": "2025-01-22T15:34:55Z"}}, {"model": "token_blacklist.outstandingtoken", "pk": 26, "fields": {"user": 52, "jti": "0714a19bc43e45538ddb811135034bbb", "token": "eyJhbGciOiJIUzI1NiIsInR5cCI6IkpXVCJ9.eyJ0b2tlbl90eXBlIjoicmVmcmVzaCIsImV4cCI6MTczNzU3MDEwMiwiaWF0IjoxNzM3NDgzNzAyLCJqdGkiOiIwNzE0YTE5YmM0M2U0NTUzOGRkYjgxMTEzNTAzNGJiYiIsInVzZXJfaWQiOjUyfQ.HOzTiWTZ8dZnECs62YfPRfNyUnRPn2N9LeqCehGGL9k", "created_at": "2025-01-21T18:21:42.854Z", "expires_at": "2025-01-22T18:21:42Z"}}, {"model": "token_blacklist.outstandingtoken", "pk": 27, "fields": {"user": 53, "jti": "a5a8123e949c403884bf404ee1091f30", "token": "eyJhbGciOiJIUzI1NiIsInR5cCI6IkpXVCJ9.eyJ0b2tlbl90eXBlIjoicmVmcmVzaCIsImV4cCI6MTczNzU3NjgwMCwiaWF0IjoxNzM3NDkwNDAwLCJqdGkiOiJhNWE4MTIzZTk0OWM0MDM4ODRiZjQwNGVlMTA5MWYzMCIsInVzZXJfaWQiOjUzfQ.BzFCgJ6ZY7Okf8CP9AXCr0mwxkzMAflCGwUqlF4eXEE", "created_at": "2025-01-21T20:13:20.971Z", "expires_at": "2025-01-22T20:13:20Z"}}, {"model": "token_blacklist.outstandingtoken", "pk": 28, "fields": {"user": 53, "jti": "d452cdb2235f4a3db3f531b69f398782", "token": "eyJhbGciOiJIUzI1NiIsInR5cCI6IkpXVCJ9.eyJ0b2tlbl90eXBlIjoicmVmcmVzaCIsImV4cCI6MTczNzU3NjkzMywiaWF0IjoxNzM3NDkwNTMzLCJqdGkiOiJkNDUyY2RiMjIzNWY0YTNkYjNmNTMxYjY5ZjM5ODc4MiIsInVzZXJfaWQiOjUzfQ.B79tiGjCh6RgCN2K9EeiASJtSzqlz4QxhoIlLuO77jA", "created_at": "2025-01-21T20:15:33.031Z", "expires_at": "2025-01-22T20:15:33Z"}}]